Locations,Scripts
0 w 0A3,methods/MS_contact_closure.json
0 c 0A3,methods/OT-SPE_Bwash_Chip_50um_60min.json
0 c 0A4,methods/OT-SPE_Bwash_Chip_50um_60min.json
0 c 0A5,methods/OT-SPE_Bwash_Chip_50um_60min.json
0 c 0A6,methods/OT-SPE_Bwash_Chip_50um_60min.json
0 c 0A7,methods/OT-SPE_Bwash_Chip_50um_60min.json
0 c 0A8,methods/OT-SPE_Bwash_Chip_50um_60min.json
0 c 0A9,methods/OT-SPE_Bwash_Chip_50um_60min.json
0 c 0A10,methods/OT-SPE_Bwash_Chip_50um_60min.json
0 c 0A11,methods/OT-SPE_Bwash_Chip_50um_60min.json
0 c 0B3,methods/OT-SPE_Bwash_Chip_50um_60min.json
0 c 0B4,methods/OT-SPE_Bwash_Chip_50um_60min.json
0 c 0B5,methods/OT-SPE_Bwash_Chip_50um_60min.json
0 c 0B6,methods/OT-SPE_Bwash_Chip_50um_60min_30sLoad.json
0 c 0B7,methods/OT-SPE_Bwash_Chip_50um_60min_30sLoad.json
0 c 0B8,methods/OT-SPE_Bwash_Chip_50um_60min_30sLoad.json
0 c 0B9,methods/OT-SPE_Bwash_Chip_50um_60min_1minLoad.json
0 c 0B10,methods/OT-SPE_Bwash_Chip_50um_60min_1minLoad.json
0 c 0B11,methods/OT-SPE_Bwash_Chip_50um_60min_1minLoad.json
0 c 0C3,methods/OT-SPE_Bwash_Chip_50um_60min.json
0 c 0C4,methods/OT-SPE_Bwash_Chip_50um_60min.json
0 c 0C5,methods/OT-SPE_Bwash_Chip_50um_60min.json
0 c 0C6,methods/OT-SPE_Bwash_Chip_50um_60min_10minLoad.json
0 c 0C7,methods/OT-SPE_Bwash_Chip_50um_60min_10minLoad.json
0 c 0C8,methods/OT-SPE_Bwash_Chip_50um_60min_10minLoad.json
0 c 0C9,methods/OT-SPE_Bwash_Chip_50um_60min.json
0 c 0C10,methods/OT-SPE_Bwash_Chip_50um_60min.json
0 c 0C11,methods/OT-SPE_Bwash_Chip_50um_60min.json