Locations,Methods
my_stages 0 A3,C:/VSCode/customLC/methods/SmoothLC/250nLport5plug.json
my_stages 0 A3,C:/VSCode/customLC/methods/SmoothLC/250nLport5plug.json
my_stages 0 A3,C:/VSCode/customLC/methods/SmoothLC/250nLport5plug.json
my_stages 0 A3,C:/VSCode/customLC/methods/SmoothLC/500nLport5plug.json
my_stages 0 A3,C:/VSCode/customLC/methods/SmoothLC/500nLport5plug.json
my_stages 0 A3,C:/VSCode/customLC/methods/SmoothLC/500nLport5plug.json
my_stages 0 A3,C:/VSCode/customLC/methods/SmoothLC/750nLport5plug.json
my_stages 0 A3,C:/VSCode/customLC/methods/SmoothLC/750nLport5plug.json
my_stages 0 A3,C:/VSCode/customLC/methods/SmoothLC/750nLport5plug.json
my_stages 0 A3,C:/VSCode/customLC/methods/SmoothLC/1000nLport5plug.json
my_stages 0 A3,C:/VSCode/customLC/methods/SmoothLC/1000nLport5plug.json
my_stages 0 A3,C:/VSCode/customLC/methods/SmoothLC/1000nLport5plug.json
